model,model_display,physics,condition,question_type,category,accuracy,f1,count
smolvlm,SmolVLM,no_physics,zero_shot,stationary_duration,Temporal,0.004548900682335102,0.00019565164225097213,1319
smolvlm,SmolVLM,no_physics,zero_shot,stopped_objects_count,Perception,0.14487632508833923,0.0,1981
smolvlm,SmolVLM,no_physics,zero_shot,stationary_start_time,Temporal,0.21342383107088989,0.012747530774096238,1326
smolvlm,SmolVLM,no_physics,zero_shot,collision_presence,Perception,1.0,0.017219320961458926,1978
smolvlm,SmolVLM,no_physics,zero_shot,object_count,Perception,0.17851739788199697,0.0002689527651706169,1983
smolvlm,SmolVLM,no_physics,zero_shot,friction_comparison,Dynamics,0.05495634309193631,0.008100176564480623,1947
smolvlm,SmolVLM,no_physics,zero_shot,rolling_detection,Perception,0.325922182920667,0.0,1979
smolvlm,SmolVLM,no_physics,zero_shot,shape_distribution,Perception,0.0007380073800738007,0.0001595691632592002,1355
smolvlm,SmolVLM,no_physics,zero_shot,newtons_second_law,Dynamics,1.0,0.12087712173259663,1367
smolvlm,SmolVLM,no_physics,zero_shot,velocity_scaling,Dynamics,0.0,0.012966361689304455,1102
smolvlm,SmolVLM,no_physics,zero_shot,friction_scaling,Dynamics,0.0,0.0,1114
smolvlm,SmolVLM,no_physics,zero_shot,fastest_object,Perception,0.010033444816053512,0.004559725228470351,1196
smolvlm,SmolVLM,no_physics,zero_shot,apparent_contradiction,Causal,0.0,0.034821535510690144,1076
smolvlm,SmolVLM,no_physics,zero_shot,friction_coefficient_comparison,Dynamics,0.016129032258064516,0.007215723344755603,682
smolvlm,SmolVLM,no_physics,zero_shot,momentum_conservation,Dynamics,0.23687423687423687,0.09372009372009373,819
smolvlm,SmolVLM,no_physics,zero_shot,energy_analysis_taxonomy,Dynamics,0.12316715542521994,0.032970425160577965,341
smolvlm,SmolVLM,no_physics,zero_shot,indirect_causation,Causal,0.0,0.0,67
smolvlm,SmolVLM,no_physics,zero_shot,four_hop_causation,Causal,0.0,0.0399444217699522,56
smolvlm,SmolVLM,no_physics,zero_shot,relative_velocity_magnitude,Dynamics,0.0,0.0,150
smolvlm,SmolVLM,no_physics,zero_shot,event_sequence,Temporal,0.0,0.038784608344512916,52
smolvlm,SmolVLM,no_physics,zero_shot,temporal_consistency,Temporal,0.0,0.0530924809659422,188
smolvlm,SmolVLM,no_physics,zero_shot,direction_reversal,Temporal,1.0,0.0,238
smolvlm,SmolVLM,no_physics,zero_shot,property_competition,Dynamics,0.8888888888888888,0.43102527071804275,36
smolvlm,SmolVLM,no_physics,zero_shot,mass_ratio,Dynamics,0.0,0.0,212
smolvlm,SmolVLM,no_physics,zero_shot,relative_velocity_decision,Dynamics,0.1267605633802817,0.13552525666684856,71
smolvlm,SmolVLM,no_physics,easy,stationary_duration,Temporal,0.2494313874147081,0.004479189118041239,1319
smolvlm,SmolVLM,no_physics,easy,stopped_objects_count,Perception,0.6809692074709742,0.01763328233422315,1981
smolvlm,SmolVLM,no_physics,easy,stationary_start_time,Temporal,0.3393665158371041,0.011614026135858282,1326
smolvlm,SmolVLM,no_physics,easy,collision_presence,Perception,1.0,0.02548220870854036,1978
smolvlm,SmolVLM,no_physics,easy,object_count,Perception,0.7614725163893091,0.02105388878347195,1983
smolvlm,SmolVLM,no_physics,easy,friction_comparison,Dynamics,0.39599383667180277,0.03696167554635204,1947
smolvlm,SmolVLM,no_physics,easy,rolling_detection,Perception,0.7609903991915109,0.019593562804006585,1979
smolvlm,SmolVLM,no_physics,easy,shape_distribution,Perception,0.9992619926199262,0.13494846927646484,1355
smolvlm,SmolVLM,no_physics,easy,newtons_second_law,Dynamics,1.0,0.06007051013613136,1367
smolvlm,SmolVLM,no_physics,easy,velocity_scaling,Dynamics,0.10344827586206896,0.0938480753109537,1102
smolvlm,SmolVLM,no_physics,easy,friction_scaling,Dynamics,0.7055655296229802,0.11049952547069104,1114
smolvlm,SmolVLM,no_physics,easy,fastest_object,Perception,0.5459866220735786,0.1342075822099055,1196
smolvlm,SmolVLM,no_physics,easy,apparent_contradiction,Causal,0.0845724907063197,0.11739815720751191,1076
smolvlm,SmolVLM,no_physics,easy,friction_coefficient_comparison,Dynamics,0.5439882697947214,0.14771918440443282,682
smolvlm,SmolVLM,no_physics,easy,momentum_conservation,Dynamics,0.4249084249084249,0.07164547227649333,819
smolvlm,SmolVLM,no_physics,easy,energy_analysis_taxonomy,Dynamics,0.9941348973607038,0.15513681972441068,341
smolvlm,SmolVLM,no_physics,easy,indirect_causation,Causal,0.8955223880597015,0.1196607844437895,67
smolvlm,SmolVLM,no_physics,easy,four_hop_causation,Causal,0.26785714285714285,0.09572290332257193,56
smolvlm,SmolVLM,no_physics,easy,relative_velocity_magnitude,Dynamics,0.22666666666666666,0.03981036315021808,150
smolvlm,SmolVLM,no_physics,easy,event_sequence,Temporal,0.4423076923076923,0.43154628298387193,52
smolvlm,SmolVLM,no_physics,easy,temporal_consistency,Temporal,0.5159574468085106,0.2281122286790463,188
smolvlm,SmolVLM,no_physics,easy,direction_reversal,Temporal,1.0,0.021392859322494958,238
smolvlm,SmolVLM,no_physics,easy,property_competition,Dynamics,1.0,0.3584895335029668,36
smolvlm,SmolVLM,no_physics,easy,mass_ratio,Dynamics,0.2641509433962264,0.002614553315285272,212
smolvlm,SmolVLM,no_physics,easy,relative_velocity_decision,Dynamics,0.4225352112676056,0.24382743055926281,71
smolvlm,SmolVLM,no_physics,easy_medium,stationary_duration,Temporal,0.88855193328279,0.02653997483735176,1319
smolvlm,SmolVLM,no_physics,easy_medium,stopped_objects_count,Perception,0.5714285714285714,0.00958342331999753,1981
smolvlm,SmolVLM,no_physics,easy_medium,stationary_start_time,Temporal,0.33861236802413275,0.01102941960154115,1326
smolvlm,SmolVLM,no_physics,easy_medium,collision_presence,Perception,1.0,0.02262048366327138,1978
smolvlm,SmolVLM,no_physics,easy_medium,object_count,Perception,0.6338880484114977,0.014942420325906914,1983
smolvlm,SmolVLM,no_physics,easy_medium,friction_comparison,Dynamics,0.7087827426810478,0.045871103309717595,1947
smolvlm,SmolVLM,no_physics,easy_medium,rolling_detection,Perception,0.538655886811521,0.00960791675824411,1979
smolvlm,SmolVLM,no_physics,easy_medium,shape_distribution,Perception,0.9874538745387453,0.11503356782478576,1355
smolvlm,SmolVLM,no_physics,easy_medium,newtons_second_law,Dynamics,1.0,0.06326158685068185,1367
smolvlm,SmolVLM,no_physics,easy_medium,velocity_scaling,Dynamics,0.3666061705989111,0.10750154348095038,1102
smolvlm,SmolVLM,no_physics,easy_medium,friction_scaling,Dynamics,0.466786355475763,0.08446877704728074,1114
smolvlm,SmolVLM,no_physics,easy_medium,fastest_object,Perception,0.5618729096989966,0.1205073720461129,1196
smolvlm,SmolVLM,no_physics,easy_medium,apparent_contradiction,Causal,1.0,0.19728063521264091,1076
smolvlm,SmolVLM,no_physics,easy_medium,friction_coefficient_comparison,Dynamics,0.6847507331378299,0.14075354648661698,682
smolvlm,SmolVLM,no_physics,easy_medium,momentum_conservation,Dynamics,0.4481074481074481,0.09493969883744809,819
smolvlm,SmolVLM,no_physics,easy_medium,energy_analysis_taxonomy,Dynamics,0.8709677419354839,0.12472202429600597,341
smolvlm,SmolVLM,no_physics,easy_medium,indirect_causation,Causal,1.0,0.11688057882814701,67
smolvlm,SmolVLM,no_physics,easy_medium,four_hop_causation,Causal,0.03571428571428571,0.06109137322180212,56
smolvlm,SmolVLM,no_physics,easy_medium,relative_velocity_magnitude,Dynamics,0.46,0.04180787570760987,150
smolvlm,SmolVLM,no_physics,easy_medium,event_sequence,Temporal,0.4423076923076923,0.4247668030886823,52
smolvlm,SmolVLM,no_physics,easy_medium,temporal_consistency,Temporal,0.8563829787234043,0.2897107385396671,188
smolvlm,SmolVLM,no_physics,easy_medium,direction_reversal,Temporal,1.0,0.028810175789953416,238
smolvlm,SmolVLM,no_physics,easy_medium,property_competition,Dynamics,0.9722222222222222,0.3063511821295045,36
smolvlm,SmolVLM,no_physics,easy_medium,mass_ratio,Dynamics,0.5801886792452831,0.018649284874217343,212
smolvlm,SmolVLM,no_physics,easy_medium,relative_velocity_decision,Dynamics,0.5211267605633803,0.25167235700645013,71
smolvlm,SmolVLM,no_physics,hard,stationary_duration,Temporal,0.13570887035633056,0.0036206259165831914,1319
smolvlm,SmolVLM,no_physics,hard,stopped_objects_count,Perception,0.6951034830893488,0.018850180274918443,1981
smolvlm,SmolVLM,no_physics,hard,stationary_start_time,Temporal,0.3295625942684766,0.009248617875009251,1326
smolvlm,SmolVLM,no_physics,hard,collision_presence,Perception,1.0,0.004422761468386082,1978
smolvlm,SmolVLM,no_physics,hard,object_count,Perception,0.6742309631870903,0.011377479870788538,1983
smolvlm,SmolVLM,no_physics,hard,friction_comparison,Dynamics,0.5921931176168465,0.04183283218140984,1947
smolvlm,SmolVLM,no_physics,hard,rolling_detection,Perception,0.42546740778170794,0.0028961827473983712,1979
smolvlm,SmolVLM,no_physics,hard,shape_distribution,Perception,0.4361623616236162,0.04968237651012209,1355
smolvlm,SmolVLM,no_physics,hard,newtons_second_law,Dynamics,0.3306510607168983,0.035209434186828675,1367
smolvlm,SmolVLM,no_physics,hard,velocity_scaling,Dynamics,1.0,0.13966124140232727,1102
smolvlm,SmolVLM,no_physics,hard,friction_scaling,Dynamics,1.0,0.10796306992425231,1114
smolvlm,SmolVLM,no_physics,hard,fastest_object,Perception,0.0802675585284281,0.08415539857656404,1196
smolvlm,SmolVLM,no_physics,hard,apparent_contradiction,Causal,0.19052044609665428,0.11607239677293414,1076
smolvlm,SmolVLM,no_physics,hard,friction_coefficient_comparison,Dynamics,0.005865102639296188,0.08709843006830416,682
smolvlm,SmolVLM,no_physics,hard,momentum_conservation,Dynamics,0.9267399267399268,0.1164460254550655,819
smolvlm,SmolVLM,no_physics,hard,energy_analysis_taxonomy,Dynamics,1.0,0.13594836109848552,341
smolvlm,SmolVLM,no_physics,hard,indirect_causation,Causal,0.373134328358209,0.07701378081638376,67
smolvlm,SmolVLM,no_physics,hard,four_hop_causation,Causal,0.5892857142857143,0.1885510962994983,56
smolvlm,SmolVLM,no_physics,hard,relative_velocity_magnitude,Dynamics,0.30666666666666664,0.042559386396704924,150
smolvlm,SmolVLM,no_physics,hard,event_sequence,Temporal,0.0,0.3882777994246148,52
smolvlm,SmolVLM,no_physics,hard,temporal_consistency,Temporal,0.9202127659574468,0.29651913964645354,188
smolvlm,SmolVLM,no_physics,hard,direction_reversal,Temporal,1.0,0.012950568863945834,238
smolvlm,SmolVLM,no_physics,hard,property_competition,Dynamics,0.3611111111111111,0.20013969615852456,36
smolvlm,SmolVLM,no_physics,hard,mass_ratio,Dynamics,0.30660377358490565,0.00986466829751525,212
smolvlm,SmolVLM,no_physics,hard,relative_velocity_decision,Dynamics,0.38028169014084506,0.2911062565812664,71
smolvlm,SmolVLM,no_physics,full,stationary_duration,Temporal,0.9886277482941622,0.03642664282130831,1319
smolvlm,SmolVLM,no_physics,full,stopped_objects_count,Perception,0.6203937405350833,0.015833691041311836,1981
smolvlm,SmolVLM,no_physics,full,stationary_start_time,Temporal,0.5037707390648567,0.017788660555940607,1326
smolvlm,SmolVLM,no_physics,full,collision_presence,Perception,1.0,0.02795690092395821,1978
smolvlm,SmolVLM,no_physics,full,object_count,Perception,0.7478567826525466,0.02114169992914194,1983
smolvlm,SmolVLM,no_physics,full,friction_comparison,Dynamics,0.650231124807396,0.04933435247211427,1947
smolvlm,SmolVLM,no_physics,full,rolling_detection,Perception,0.7382516422435573,0.01944195371491596,1979
smolvlm,SmolVLM,no_physics,full,shape_distribution,Perception,0.9904059040590406,0.13749171863741513,1355
smolvlm,SmolVLM,no_physics,full,newtons_second_law,Dynamics,1.0,0.060851174862448856,1367
smolvlm,SmolVLM,no_physics,full,velocity_scaling,Dynamics,1.0,0.1414730381405311,1102
smolvlm,SmolVLM,no_physics,full,friction_scaling,Dynamics,1.0,0.11189201638580462,1114
smolvlm,SmolVLM,no_physics,full,fastest_object,Perception,0.5760869565217391,0.14549273908713514,1196
smolvlm,SmolVLM,no_physics,full,apparent_contradiction,Causal,1.0,0.2066351781217562,1076
smolvlm,SmolVLM,no_physics,full,friction_coefficient_comparison,Dynamics,0.9398826979472141,0.16736116819067207,682
smolvlm,SmolVLM,no_physics,full,momentum_conservation,Dynamics,0.8449328449328449,0.11278012670518439,819
smolvlm,SmolVLM,no_physics,full,energy_analysis_taxonomy,Dynamics,0.9970674486803519,0.14809230598859308,341
smolvlm,SmolVLM,no_physics,full,indirect_causation,Causal,1.0,0.11835622007149552,67
smolvlm,SmolVLM,no_physics,full,four_hop_causation,Causal,0.8214285714285714,0.18926398419973176,56
smolvlm,SmolVLM,no_physics,full,relative_velocity_magnitude,Dynamics,0.7866666666666666,0.06438163498854473,150
smolvlm,SmolVLM,no_physics,full,event_sequence,Temporal,0.4807692307692308,0.4461247341910587,52
smolvlm,SmolVLM,no_physics,full,temporal_consistency,Temporal,0.9361702127659575,0.296873798525347,188
smolvlm,SmolVLM,no_physics,full,direction_reversal,Temporal,1.0,0.030728057570007624,238
smolvlm,SmolVLM,no_physics,full,property_competition,Dynamics,0.9722222222222222,0.31319422836423244,36
smolvlm,SmolVLM,no_physics,full,mass_ratio,Dynamics,0.7688679245283019,0.027642953785392547,212
smolvlm,SmolVLM,no_physics,full,relative_velocity_decision,Dynamics,0.5211267605633803,0.25618089430777935,71
smolvlm,SmolVLM,with_physics,zero_shot,stationary_duration,Temporal,0.014404852160727824,0.0007336936584411456,1319
smolvlm,SmolVLM,with_physics,zero_shot,stopped_objects_count,Perception,0.14487632508833923,0.0,1981
smolvlm,SmolVLM,with_physics,zero_shot,stationary_start_time,Temporal,0.2171945701357466,0.012747530774096238,1326
smolvlm,SmolVLM,with_physics,zero_shot,collision_presence,Perception,1.0,0.020961271931690027,1978
smolvlm,SmolVLM,with_physics,zero_shot,object_count,Perception,0.17750882501260717,0.0002017145738779627,1983
smolvlm,SmolVLM,with_physics,zero_shot,friction_comparison,Dynamics,0.07601438109912687,0.010980379131974855,1947
smolvlm,SmolVLM,with_physics,zero_shot,rolling_detection,Perception,0.325922182920667,0.0,1979
smolvlm,SmolVLM,with_physics,zero_shot,shape_distribution,Perception,0.0,0.0,1355
smolvlm,SmolVLM,with_physics,zero_shot,newtons_second_law,Dynamics,1.0,0.10662346311905792,1367
smolvlm,SmolVLM,with_physics,zero_shot,velocity_scaling,Dynamics,0.0,0.043628674455109755,1102
smolvlm,SmolVLM,with_physics,zero_shot,friction_scaling,Dynamics,0.0,0.0,1114
smolvlm,SmolVLM,with_physics,zero_shot,fastest_object,Perception,0.007525083612040134,0.004454270895292205,1196
smolvlm,SmolVLM,with_physics,zero_shot,apparent_contradiction,Causal,0.0,0.035889280198354676,1076
smolvlm,SmolVLM,with_physics,zero_shot,friction_coefficient_comparison,Dynamics,0.020527859237536656,0.009712151647635519,682
smolvlm,SmolVLM,with_physics,zero_shot,momentum_conservation,Dynamics,0.15995115995115994,0.06230406230406231,819
smolvlm,SmolVLM,with_physics,zero_shot,energy_analysis_taxonomy,Dynamics,0.16422287390029325,0.04456911062509831,341
smolvlm,SmolVLM,with_physics,zero_shot,indirect_causation,Causal,0.0,0.0,67
smolvlm,SmolVLM,with_physics,zero_shot,four_hop_causation,Causal,0.0,0.0403970221649489,56
smolvlm,SmolVLM,with_physics,zero_shot,relative_velocity_magnitude,Dynamics,0.0,0.0,150
smolvlm,SmolVLM,with_physics,zero_shot,event_sequence,Temporal,0.0,0.038323938800316155,52
smolvlm,SmolVLM,with_physics,zero_shot,temporal_consistency,Temporal,0.0,0.05985532577984742,188
smolvlm,SmolVLM,with_physics,zero_shot,direction_reversal,Temporal,1.0,0.0,238
smolvlm,SmolVLM,with_physics,zero_shot,property_competition,Dynamics,0.8888888888888888,0.42861270541239566,36
smolvlm,SmolVLM,with_physics,zero_shot,mass_ratio,Dynamics,0.0,0.0,212
smolvlm,SmolVLM,with_physics,zero_shot,relative_velocity_decision,Dynamics,0.14084507042253522,0.16069528086656185,71
smolvlm,SmolVLM,with_physics,easy,stationary_duration,Temporal,0.15921152388172857,0.006128883826242843,1319
smolvlm,SmolVLM,with_physics,easy,stopped_objects_count,Perception,0.6622917718324078,0.01769924212756255,1981
smolvlm,SmolVLM,with_physics,easy,stationary_start_time,Temporal,0.36199095022624433,0.01293919725703134,1326
smolvlm,SmolVLM,with_physics,easy,collision_presence,Perception,1.0,0.028358164236913168,1978
smolvlm,SmolVLM,with_physics,easy,object_count,Perception,0.9369641956631367,0.030472354440229343,1983
smolvlm,SmolVLM,with_physics,easy,friction_comparison,Dynamics,0.6764252696456087,0.05341360730141566,1947
smolvlm,SmolVLM,with_physics,easy,rolling_detection,Perception,0.7650328448711471,0.018895203182449586,1979
smolvlm,SmolVLM,with_physics,easy,shape_distribution,Perception,0.9911439114391144,0.14242749928556622,1355
smolvlm,SmolVLM,with_physics,easy,newtons_second_law,Dynamics,1.0,0.07506072921089911,1367
smolvlm,SmolVLM,with_physics,easy,velocity_scaling,Dynamics,0.25499092558983666,0.11185930097589215,1102
smolvlm,SmolVLM,with_physics,easy,friction_scaling,Dynamics,0.9631956912028725,0.1332984132612034,1114
smolvlm,SmolVLM,with_physics,easy,fastest_object,Perception,0.06939799331103678,0.09258808795657349,1196
smolvlm,SmolVLM,with_physics,easy,apparent_contradiction,Causal,0.6003717472118959,0.15988974167777367,1076
smolvlm,SmolVLM,with_physics,easy,friction_coefficient_comparison,Dynamics,0.312316715542522,0.13902252550679556,682
smolvlm,SmolVLM,with_physics,easy,momentum_conservation,Dynamics,0.6654456654456654,0.11844660210493824,819
smolvlm,SmolVLM,with_physics,easy,energy_analysis_taxonomy,Dynamics,0.9589442815249267,0.15956750422170873,341
smolvlm,SmolVLM,with_physics,easy,indirect_causation,Causal,0.8805970149253731,0.11166209042977263,67
smolvlm,SmolVLM,with_physics,easy,four_hop_causation,Causal,0.19642857142857142,0.09406458103078318,56
smolvlm,SmolVLM,with_physics,easy,relative_velocity_magnitude,Dynamics,0.14666666666666667,0.03867385463731155,150
smolvlm,SmolVLM,with_physics,easy,event_sequence,Temporal,0.5192307692307693,0.4490260280807652,52
smolvlm,SmolVLM,with_physics,easy,temporal_consistency,Temporal,0.4308510638297872,0.21916580519186213,188
smolvlm,SmolVLM,with_physics,easy,direction_reversal,Temporal,1.0,0.029911380827877542,238
smolvlm,SmolVLM,with_physics,easy,property_competition,Dynamics,1.0,0.36130007115421375,36
smolvlm,SmolVLM,with_physics,easy,mass_ratio,Dynamics,0.25471698113207547,0.009956044915592765,212
smolvlm,SmolVLM,with_physics,easy,relative_velocity_decision,Dynamics,0.30985915492957744,0.24400853200621997,71
smolvlm,SmolVLM,with_physics,easy_medium,stationary_duration,Temporal,0.9044730856709629,0.028860782316071535,1319
smolvlm,SmolVLM,with_physics,easy_medium,stopped_objects_count,Perception,0.602221100454316,0.012459010095465729,1981
smolvlm,SmolVLM,with_physics,easy_medium,stationary_start_time,Temporal,0.3838612368024133,0.012337101465381662,1326
smolvlm,SmolVLM,with_physics,easy_medium,collision_presence,Perception,1.0,0.023165938381277035,1978
smolvlm,SmolVLM,with_physics,easy_medium,object_count,Perception,0.9631870902672718,0.0296796081304103,1983
smolvlm,SmolVLM,with_physics,easy_medium,friction_comparison,Dynamics,0.6908063687724705,0.04694546267341157,1947
smolvlm,SmolVLM,with_physics,easy_medium,rolling_detection,Perception,0.6826680141485599,0.013050363974953842,1979
smolvlm,SmolVLM,with_physics,easy_medium,shape_distribution,Perception,0.9712177121771217,0.12677631843788503,1355
smolvlm,SmolVLM,with_physics,easy_medium,newtons_second_law,Dynamics,1.0,0.05717964197737031,1367
smolvlm,SmolVLM,with_physics,easy_medium,velocity_scaling,Dynamics,0.9754990925589837,0.16922769821723646,1102
smolvlm,SmolVLM,with_physics,easy_medium,friction_scaling,Dynamics,0.5574506283662477,0.0957083867147147,1114
smolvlm,SmolVLM,with_physics,easy_medium,fastest_object,Perception,0.5693979933110368,0.12358980185909245,1196
smolvlm,SmolVLM,with_physics,easy_medium,apparent_contradiction,Causal,0.9962825278810409,0.2268016585927195,1076
smolvlm,SmolVLM,with_physics,easy_medium,friction_coefficient_comparison,Dynamics,0.7287390029325513,0.1461953974320469,682
smolvlm,SmolVLM,with_physics,easy_medium,momentum_conservation,Dynamics,0.4249084249084249,0.11021186896200855,819
smolvlm,SmolVLM,with_physics,easy_medium,energy_analysis_taxonomy,Dynamics,0.9618768328445748,0.14828933711727757,341
smolvlm,SmolVLM,with_physics,easy_medium,indirect_causation,Causal,0.9253731343283582,0.1095680489417158,67
smolvlm,SmolVLM,with_physics,easy_medium,four_hop_causation,Causal,0.125,0.07026051009235344,56
smolvlm,SmolVLM,with_physics,easy_medium,relative_velocity_magnitude,Dynamics,0.5,0.045968106657175586,150
smolvlm,SmolVLM,with_physics,easy_medium,event_sequence,Temporal,0.46153846153846156,0.4492694047136431,52
smolvlm,SmolVLM,with_physics,easy_medium,temporal_consistency,Temporal,0.9148936170212766,0.3224057659769055,188
smolvlm,SmolVLM,with_physics,easy_medium,direction_reversal,Temporal,1.0,0.0325774352049101,238
smolvlm,SmolVLM,with_physics,easy_medium,property_competition,Dynamics,1.0,0.3290891159444519,36
smolvlm,SmolVLM,with_physics,easy_medium,mass_ratio,Dynamics,0.5235849056603774,0.016118204163744945,212
smolvlm,SmolVLM,with_physics,easy_medium,relative_velocity_decision,Dynamics,0.49295774647887325,0.26774898792762936,71
smolvlm,SmolVLM,with_physics,hard,stationary_duration,Temporal,0.08946171341925702,0.003080594933681304,1319
smolvlm,SmolVLM,with_physics,hard,stopped_objects_count,Perception,0.49823321554770317,0.009274655924478408,1981
smolvlm,SmolVLM,with_physics,hard,stationary_start_time,Temporal,0.27450980392156865,0.010138277975160486,1326
smolvlm,SmolVLM,with_physics,hard,collision_presence,Perception,1.0,0.015603257318093727,1978
smolvlm,SmolVLM,with_physics,hard,object_count,Perception,0.5607665153807363,0.009897313790226596,1983
smolvlm,SmolVLM,with_physics,hard,friction_comparison,Dynamics,0.6831022085259374,0.04815054595048628,1947
smolvlm,SmolVLM,with_physics,hard,rolling_detection,Perception,0.5416877210712481,0.0024848245263923954,1979
smolvlm,SmolVLM,with_physics,hard,shape_distribution,Perception,0.32693726937269374,0.04134925077122295,1355
smolvlm,SmolVLM,with_physics,hard,newtons_second_law,Dynamics,0.5062179956108266,0.05023937638388655,1367
smolvlm,SmolVLM,with_physics,hard,velocity_scaling,Dynamics,1.0,0.13695289479723488,1102
smolvlm,SmolVLM,with_physics,hard,friction_scaling,Dynamics,1.0,0.11481146860329826,1114
smolvlm,SmolVLM,with_physics,hard,fastest_object,Perception,0.010033444816053512,0.07990577493875783,1196
smolvlm,SmolVLM,with_physics,hard,apparent_contradiction,Causal,0.18680297397769516,0.14287312827310408,1076
smolvlm,SmolVLM,with_physics,hard,friction_coefficient_comparison,Dynamics,0.0,0.08725485364059189,682
smolvlm,SmolVLM,with_physics,hard,momentum_conservation,Dynamics,0.9413919413919414,0.12126405053640342,819
smolvlm,SmolVLM,with_physics,hard,energy_analysis_taxonomy,Dynamics,1.0,0.1523561006700227,341
smolvlm,SmolVLM,with_physics,hard,indirect_causation,Causal,0.029850746268656716,0.019155614168571963,67
smolvlm,SmolVLM,with_physics,hard,four_hop_causation,Causal,0.7678571428571429,0.19955781453050703,56
smolvlm,SmolVLM,with_physics,hard,relative_velocity_magnitude,Dynamics,0.22,0.035711816001382256,150
smolvlm,SmolVLM,with_physics,hard,event_sequence,Temporal,0.038461538461538464,0.35006687142088505,52
smolvlm,SmolVLM,with_physics,hard,temporal_consistency,Temporal,0.8351063829787234,0.300700927728446,188
smolvlm,SmolVLM,with_physics,hard,direction_reversal,Temporal,1.0,0.012118569767444997,238
smolvlm,SmolVLM,with_physics,hard,property_competition,Dynamics,0.8055555555555556,0.2884782803166331,36
smolvlm,SmolVLM,with_physics,hard,mass_ratio,Dynamics,0.24056603773584906,0.009295802385611444,212
smolvlm,SmolVLM,with_physics,hard,relative_velocity_decision,Dynamics,0.4788732394366197,0.24820919575057773,71
smolvlm,SmolVLM,with_physics,full,stationary_duration,Temporal,0.9863532979529946,0.03646976440745177,1319
smolvlm,SmolVLM,with_physics,full,stopped_objects_count,Perception,0.668854114083796,0.018522926115544503,1981
smolvlm,SmolVLM,with_physics,full,stationary_start_time,Temporal,0.7850678733031674,0.027552000460538933,1326
smolvlm,SmolVLM,with_physics,full,collision_presence,Perception,1.0,0.025665025568709053,1978
smolvlm,SmolVLM,with_physics,full,object_count,Perception,0.9672213817448311,0.03481959482891764,1983
smolvlm,SmolVLM,with_physics,full,friction_comparison,Dynamics,0.6877247046738573,0.050571826234565194,1947
smolvlm,SmolVLM,with_physics,full,rolling_detection,Perception,0.7670540677109652,0.016626782705349983,1979
smolvlm,SmolVLM,with_physics,full,shape_distribution,Perception,0.9940959409594096,0.13519078771998158,1355
smolvlm,SmolVLM,with_physics,full,newtons_second_law,Dynamics,1.0,0.0797867235802605,1367
smolvlm,SmolVLM,with_physics,full,velocity_scaling,Dynamics,1.0,0.16460371001351104,1102
smolvlm,SmolVLM,with_physics,full,friction_scaling,Dynamics,1.0,0.11913427068316987,1114
smolvlm,SmolVLM,with_physics,full,fastest_object,Perception,0.6546822742474916,0.16124902710941819,1196
smolvlm,SmolVLM,with_physics,full,apparent_contradiction,Causal,1.0,0.21003386278604524,1076
smolvlm,SmolVLM,with_physics,full,friction_coefficient_comparison,Dynamics,0.9809384164222874,0.18189213855489117,682
smolvlm,SmolVLM,with_physics,full,momentum_conservation,Dynamics,0.6678876678876678,0.12321632939689,819
smolvlm,SmolVLM,with_physics,full,energy_analysis_taxonomy,Dynamics,1.0,0.15572258608993467,341
smolvlm,SmolVLM,with_physics,full,indirect_causation,Causal,1.0,0.11803926879934713,67
smolvlm,SmolVLM,with_physics,full,four_hop_causation,Causal,1.0,0.2257261056920224,56
smolvlm,SmolVLM,with_physics,full,relative_velocity_magnitude,Dynamics,0.8533333333333334,0.06577519215016808,150
smolvlm,SmolVLM,with_physics,full,event_sequence,Temporal,0.5384615384615384,0.4395383275919481,52
smolvlm,SmolVLM,with_physics,full,temporal_consistency,Temporal,0.7287234042553191,0.29035593841413265,188
smolvlm,SmolVLM,with_physics,full,direction_reversal,Temporal,1.0,0.029776042445360827,238
smolvlm,SmolVLM,with_physics,full,property_competition,Dynamics,0.9722222222222222,0.3207681089986634,36
smolvlm,SmolVLM,with_physics,full,mass_ratio,Dynamics,0.8301886792452831,0.031112101229196554,212
smolvlm,SmolVLM,with_physics,full,relative_velocity_decision,Dynamics,0.49295774647887325,0.25690178526484425,71
qwen2vl,Qwen2-VL,no_physics,zero_shot,stationary_duration,Temporal,0.002274450341167551,0.002274450341167551,1319
qwen2vl,Qwen2-VL,no_physics,zero_shot,stopped_objects_count,Perception,0.041898031297324584,0.041898031297324584,1981
qwen2vl,Qwen2-VL,no_physics,zero_shot,stationary_start_time,Temporal,0.10256410256410256,0.10256410256410256,1326
qwen2vl,Qwen2-VL,no_physics,zero_shot,collision_presence,Perception,0.5616784630940344,0.5616784630940344,1978
qwen2vl,Qwen2-VL,no_physics,zero_shot,object_count,Perception,0.1487644982349975,0.1487644982349975,1983
qwen2vl,Qwen2-VL,no_physics,zero_shot,friction_comparison,Dynamics,0.17616846430405753,0.2406266050333847,1947
qwen2vl,Qwen2-VL,no_physics,zero_shot,rolling_detection,Perception,0.05457301667508843,0.05457301667508843,1979
qwen2vl,Qwen2-VL,no_physics,zero_shot,shape_distribution,Perception,0.34760147601476016,0.39879458794587946,1355
qwen2vl,Qwen2-VL,no_physics,zero_shot,newtons_second_law,Dynamics,0.0,0.0,1367
qwen2vl,Qwen2-VL,no_physics,zero_shot,velocity_scaling,Dynamics,0.17876588021778583,0.42050816696914706,1102
qwen2vl,Qwen2-VL,no_physics,zero_shot,friction_scaling,Dynamics,0.0,0.0,1114
qwen2vl,Qwen2-VL,no_physics,zero_shot,fastest_object,Perception,0.008361204013377926,0.017616278013875268,1196
qwen2vl,Qwen2-VL,no_physics,zero_shot,apparent_contradiction,Causal,0.0,0.07963356346255976,1076
qwen2vl,Qwen2-VL,no_physics,zero_shot,friction_coefficient_comparison,Dynamics,0.0,0.0,682
qwen2vl,Qwen2-VL,no_physics,zero_shot,momentum_conservation,Dynamics,0.0,0.0,819
qwen2vl,Qwen2-VL,no_physics,zero_shot,energy_analysis_taxonomy,Dynamics,0.0,0.0,341
qwen2vl,Qwen2-VL,no_physics,zero_shot,indirect_causation,Causal,0.0,0.0,67
qwen2vl,Qwen2-VL,no_physics,zero_shot,four_hop_causation,Causal,0.0,0.0,56
qwen2vl,Qwen2-VL,no_physics,zero_shot,relative_velocity_magnitude,Dynamics,0.10666666666666667,0.37,150
qwen2vl,Qwen2-VL,no_physics,zero_shot,event_sequence,Temporal,0.0,0.0014792899408284025,52
qwen2vl,Qwen2-VL,no_physics,zero_shot,temporal_consistency,Temporal,0.0,0.036750483558994206,188
qwen2vl,Qwen2-VL,no_physics,zero_shot,direction_reversal,Temporal,0.7605042016806722,0.7605042016806722,238
qwen2vl,Qwen2-VL,no_physics,zero_shot,property_competition,Dynamics,0.0,0.0,36
qwen2vl,Qwen2-VL,no_physics,zero_shot,mass_ratio,Dynamics,0.0047169811320754715,0.0047169811320754715,212
qwen2vl,Qwen2-VL,no_physics,zero_shot,relative_velocity_decision,Dynamics,0.04225352112676056,0.08732394366197184,71
qwen2vl,Qwen2-VL,no_physics,easy,stationary_duration,Temporal,0.0,0.0,1319
qwen2vl,Qwen2-VL,no_physics,easy,stopped_objects_count,Perception,0.048965169106511865,0.043917213528520946,1981
qwen2vl,Qwen2-VL,no_physics,easy,stationary_start_time,Temporal,0.0030165912518853697,0.0030165912518853697,1326
qwen2vl,Qwen2-VL,no_physics,easy,collision_presence,Perception,0.1723963599595551,0.1723963599595551,1978
qwen2vl,Qwen2-VL,no_physics,easy,object_count,Perception,0.19162884518406456,0.19162884518406456,1983
qwen2vl,Qwen2-VL,no_physics,easy,friction_comparison,Dynamics,0.1258346173600411,0.14714946070878274,1947
qwen2vl,Qwen2-VL,no_physics,easy,rolling_detection,Perception,0.11369378473976756,0.11116725618999494,1979
qwen2vl,Qwen2-VL,no_physics,easy,shape_distribution,Perception,0.0,0.0004920049200492004,1355
qwen2vl,Qwen2-VL,no_physics,easy,newtons_second_law,Dynamics,0.0,0.18019995123140695,1367
qwen2vl,Qwen2-VL,no_physics,easy,velocity_scaling,Dynamics,0.0,0.11384308411633301,1102
qwen2vl,Qwen2-VL,no_physics,easy,friction_scaling,Dynamics,0.6867145421903053,0.5130838391610385,1114
qwen2vl,Qwen2-VL,no_physics,easy,fastest_object,Perception,0.0,0.04795782998124135,1196
qwen2vl,Qwen2-VL,no_physics,easy,apparent_contradiction,Causal,0.0,0.010003236629506307,1076
qwen2vl,Qwen2-VL,no_physics,easy,friction_coefficient_comparison,Dynamics,0.0,0.06488079369311041,682
qwen2vl,Qwen2-VL,no_physics,easy,momentum_conservation,Dynamics,0.026862026862026864,0.04031339031339031,819
qwen2vl,Qwen2-VL,no_physics,easy,energy_analysis_taxonomy,Dynamics,0.01466275659824047,0.34389591183652324,341
qwen2vl,Qwen2-VL,no_physics,easy,indirect_causation,Causal,0.0,0.0,67
qwen2vl,Qwen2-VL,no_physics,easy,four_hop_causation,Causal,0.0,0.0,56
qwen2vl,Qwen2-VL,no_physics,easy,relative_velocity_magnitude,Dynamics,0.006666666666666667,0.021555555555555557,150
qwen2vl,Qwen2-VL,no_physics,easy,event_sequence,Temporal,0.0,0.0,52
qwen2vl,Qwen2-VL,no_physics,easy,temporal_consistency,Temporal,0.02127659574468085,0.308930976629931,188
qwen2vl,Qwen2-VL,no_physics,easy,direction_reversal,Temporal,0.773109243697479,0.773109243697479,238
qwen2vl,Qwen2-VL,no_physics,easy,property_competition,Dynamics,0.0,0.10992063492063492,36
qwen2vl,Qwen2-VL,no_physics,easy,mass_ratio,Dynamics,0.04716981132075472,0.04716981132075472,212
qwen2vl,Qwen2-VL,no_physics,easy,relative_velocity_decision,Dynamics,0.0,0.09738694747298521,71
qwen2vl,Qwen2-VL,no_physics,easy_medium,stationary_duration,Temporal,0.8392721758908264,0.7202426080363912,1319
qwen2vl,Qwen2-VL,no_physics,easy_medium,stopped_objects_count,Perception,0.3982836951034831,0.3801110550227158,1981
qwen2vl,Qwen2-VL,no_physics,easy_medium,stationary_start_time,Temporal,0.16817496229260936,0.13650075414781296,1326
qwen2vl,Qwen2-VL,no_physics,easy_medium,collision_presence,Perception,0.37158746208291205,0.3710819009100101,1978
qwen2vl,Qwen2-VL,no_physics,easy_medium,object_count,Perception,0.5002521432173475,0.5002521432173475,1983
qwen2vl,Qwen2-VL,no_physics,easy_medium,friction_comparison,Dynamics,0.2809450436569081,0.375808936825886,1947
qwen2vl,Qwen2-VL,no_physics,easy_medium,rolling_detection,Perception,0.5315816068721576,0.5144012127337039,1979
qwen2vl,Qwen2-VL,no_physics,easy_medium,shape_distribution,Perception,0.010332103321033211,0.10150021645757415,1355
qwen2vl,Qwen2-VL,no_physics,easy_medium,newtons_second_law,Dynamics,0.15215801024140455,0.13972365364574113,1367
qwen2vl,Qwen2-VL,no_physics,easy_medium,velocity_scaling,Dynamics,1.0,0.9883847549909256,1102
qwen2vl,Qwen2-VL,no_physics,easy_medium,friction_scaling,Dynamics,1.0,0.9432226211849192,1114
qwen2vl,Qwen2-VL,no_physics,easy_medium,fastest_object,Perception,0.1605351170568562,0.540899297372138,1196
qwen2vl,Qwen2-VL,no_physics,easy_medium,apparent_contradiction,Causal,0.2992565055762082,0.5020249581492201,1076
qwen2vl,Qwen2-VL,no_physics,easy_medium,friction_coefficient_comparison,Dynamics,0.09530791788856305,0.6070486932884632,682
qwen2vl,Qwen2-VL,no_physics,easy_medium,momentum_conservation,Dynamics,0.007326007326007326,0.029672552026513855,819
qwen2vl,Qwen2-VL,no_physics,easy_medium,energy_analysis_taxonomy,Dynamics,0.008797653958944282,0.2424757461444441,341
qwen2vl,Qwen2-VL,no_physics,easy_medium,indirect_causation,Causal,0.7910447761194029,0.5932835820895522,67
qwen2vl,Qwen2-VL,no_physics,easy_medium,four_hop_causation,Causal,0.0,0.405505050290267,56
qwen2vl,Qwen2-VL,no_physics,easy_medium,relative_velocity_magnitude,Dynamics,0.0,0.29133333333333333,150
qwen2vl,Qwen2-VL,no_physics,easy_medium,event_sequence,Temporal,0.0,0.35812101811183444,52
qwen2vl,Qwen2-VL,no_physics,easy_medium,temporal_consistency,Temporal,0.010638297872340425,0.794998559606847,188
qwen2vl,Qwen2-VL,no_physics,easy_medium,direction_reversal,Temporal,0.9033613445378151,0.9033613445378151,238
qwen2vl,Qwen2-VL,no_physics,easy_medium,property_competition,Dynamics,0.08333333333333333,0.42852342799817783,36
qwen2vl,Qwen2-VL,no_physics,easy_medium,mass_ratio,Dynamics,0.7452830188679245,0.6886792452830188,212
qwen2vl,Qwen2-VL,no_physics,easy_medium,relative_velocity_decision,Dynamics,0.0,0.4164387435731729,71
qwen2vl,Qwen2-VL,no_physics,hard,stationary_duration,Temporal,0.5413191811978771,0.4048521607278241,1319
qwen2vl,Qwen2-VL,no_physics,hard,stopped_objects_count,Perception,0.10954063604240283,0.10954063604240283,1981
qwen2vl,Qwen2-VL,no_physics,hard,stationary_start_time,Temporal,0.048265460030165915,0.043740573152337855,1326
qwen2vl,Qwen2-VL,no_physics,hard,collision_presence,Perception,0.6961577350859454,0.6961577350859454,1978
qwen2vl,Qwen2-VL,no_physics,hard,object_count,Perception,0.3686333837619768,0.3686333837619768,1983
qwen2vl,Qwen2-VL,no_physics,hard,friction_comparison,Dynamics,0.33487416538264,0.4557781201848998,1947
qwen2vl,Qwen2-VL,no_physics,hard,rolling_detection,Perception,0.4183931278423446,0.4183931278423446,1979
qwen2vl,Qwen2-VL,no_physics,hard,shape_distribution,Perception,0.0014760147601476014,0.01654015111579687,1355
qwen2vl,Qwen2-VL,no_physics,hard,newtons_second_law,Dynamics,0.0,0.5,1367
qwen2vl,Qwen2-VL,no_physics,hard,velocity_scaling,Dynamics,0.35208711433756806,0.6992897581955694,1102
qwen2vl,Qwen2-VL,no_physics,hard,friction_scaling,Dynamics,0.4730700179533214,0.710389675156282,1114
qwen2vl,Qwen2-VL,no_physics,hard,fastest_object,Perception,0.028428093645484948,0.44645320190229026,1196
qwen2vl,Qwen2-VL,no_physics,hard,apparent_contradiction,Causal,0.6282527881040892,0.6378464492574893,1076
qwen2vl,Qwen2-VL,no_physics,hard,friction_coefficient_comparison,Dynamics,0.01906158357771261,0.4949539415599447,682
qwen2vl,Qwen2-VL,no_physics,hard,momentum_conservation,Dynamics,0.003663003663003663,0.7434879934879934,819
qwen2vl,Qwen2-VL,no_physics,hard,energy_analysis_taxonomy,Dynamics,0.1378299120234604,0.5588701908177499,341
qwen2vl,Qwen2-VL,no_physics,hard,indirect_causation,Causal,0.0,0.0,67
qwen2vl,Qwen2-VL,no_physics,hard,four_hop_causation,Causal,0.0,0.8260626365930988,56
qwen2vl,Qwen2-VL,no_physics,hard,relative_velocity_magnitude,Dynamics,0.0,0.16555555555555554,150
qwen2vl,Qwen2-VL,no_physics,hard,event_sequence,Temporal,0.0,0.21626186043613627,52
qwen2vl,Qwen2-VL,no_physics,hard,temporal_consistency,Temporal,0.6276595744680851,0.8627013840595321,188
qwen2vl,Qwen2-VL,no_physics,hard,direction_reversal,Temporal,0.7941176470588235,0.7941176470588235,238
qwen2vl,Qwen2-VL,no_physics,hard,property_competition,Dynamics,0.1111111111111111,0.4458333493580498,36
qwen2vl,Qwen2-VL,no_physics,hard,mass_ratio,Dynamics,0.4811320754716981,0.46226415094339623,212
qwen2vl,Qwen2-VL,no_physics,hard,relative_velocity_decision,Dynamics,0.0,0.24069153305165014,71
qwen2vl,Qwen2-VL,no_physics,full,stationary_duration,Temporal,0.9006823351023503,0.8961334344200151,1319
qwen2vl,Qwen2-VL,no_physics,full,stopped_objects_count,Perception,0.13780918727915195,0.11307420494699646,1981
qwen2vl,Qwen2-VL,no_physics,full,stationary_start_time,Temporal,0.37631975867269984,0.3401206636500754,1326
qwen2vl,Qwen2-VL,no_physics,full,collision_presence,Perception,0.7002022244691608,0.6996966632962589,1978
qwen2vl,Qwen2-VL,no_physics,full,object_count,Perception,0.1507816439737771,0.14737771053958648,1983
qwen2vl,Qwen2-VL,no_physics,full,friction_comparison,Dynamics,0.3975346687211094,0.517120356103407,1947
qwen2vl,Qwen2-VL,no_physics,full,rolling_detection,Perception,0.42193026781202625,0.4072764022233451,1979
qwen2vl,Qwen2-VL,no_physics,full,shape_distribution,Perception,0.06789667896678966,0.34501154032519343,1355
qwen2vl,Qwen2-VL,no_physics,full,newtons_second_law,Dynamics,0.28456474030724216,0.19040652105758177,1367
qwen2vl,Qwen2-VL,no_physics,full,velocity_scaling,Dynamics,1.0,0.9996370235934663,1102
qwen2vl,Qwen2-VL,no_physics,full,friction_scaling,Dynamics,1.0,0.9939407540394973,1114
qwen2vl,Qwen2-VL,no_physics,full,fastest_object,Perception,0.5652173913043478,0.7871606123983778,1196
qwen2vl,Qwen2-VL,no_physics,full,apparent_contradiction,Causal,0.9247211895910781,0.8711222314204492,1076
qwen2vl,Qwen2-VL,no_physics,full,friction_coefficient_comparison,Dynamics,0.1158357771260997,0.7158668377577782,682
qwen2vl,Qwen2-VL,no_physics,full,momentum_conservation,Dynamics,0.042735042735042736,0.054080471881332276,819
qwen2vl,Qwen2-VL,no_physics,full,energy_analysis_taxonomy,Dynamics,0.3489736070381232,0.5599944342948292,341
qwen2vl,Qwen2-VL,no_physics,full,indirect_causation,Causal,1.0,0.8134328358208955,67
qwen2vl,Qwen2-VL,no_physics,full,four_hop_causation,Causal,0.48214285714285715,0.7866541353383459,56
qwen2vl,Qwen2-VL,no_physics,full,relative_velocity_magnitude,Dynamics,0.0,0.28844444444444445,150
qwen2vl,Qwen2-VL,no_physics,full,event_sequence,Temporal,0.0,0.6055736521838414,52
qwen2vl,Qwen2-VL,no_physics,full,temporal_consistency,Temporal,0.02127659574468085,0.7794399082484372,188
qwen2vl,Qwen2-VL,no_physics,full,direction_reversal,Temporal,0.9033613445378151,0.9033613445378151,238
qwen2vl,Qwen2-VL,no_physics,full,property_competition,Dynamics,0.0,0.5109181266315096,36
qwen2vl,Qwen2-VL,no_physics,full,mass_ratio,Dynamics,0.7830188679245284,0.7830188679245284,212
qwen2vl,Qwen2-VL,no_physics,full,relative_velocity_decision,Dynamics,0.0,0.5802393633743493,71
qwen2vl,Qwen2-VL,with_physics,zero_shot,stationary_duration,Temporal,0.002274450341167551,0.002274450341167551,1319
qwen2vl,Qwen2-VL,with_physics,zero_shot,stopped_objects_count,Perception,0.003028773346794548,0.003028773346794548,1981
qwen2vl,Qwen2-VL,with_physics,zero_shot,stationary_start_time,Temporal,0.05656108597285068,0.05656108597285068,1326
qwen2vl,Qwen2-VL,with_physics,zero_shot,collision_presence,Perception,0.3235591506572295,0.3235591506572295,1978
qwen2vl,Qwen2-VL,with_physics,zero_shot,object_count,Perception,0.023701462430660614,0.023701462430660614,1983
qwen2vl,Qwen2-VL,with_physics,zero_shot,friction_comparison,Dynamics,0.241397021058038,0.3214689265536723,1947
qwen2vl,Qwen2-VL,with_physics,zero_shot,rolling_detection,Perception,0.0025265285497726125,0.0025265285497726125,1979
qwen2vl,Qwen2-VL,with_physics,zero_shot,shape_distribution,Perception,0.23099630996309964,0.2639254963978211,1355
qwen2vl,Qwen2-VL,with_physics,zero_shot,newtons_second_law,Dynamics,0.0,0.0,1367
qwen2vl,Qwen2-VL,with_physics,zero_shot,velocity_scaling,Dynamics,0.018148820326678767,0.38466424682395645,1102
qwen2vl,Qwen2-VL,with_physics,zero_shot,friction_scaling,Dynamics,0.0,0.0,1114
qwen2vl,Qwen2-VL,with_physics,zero_shot,fastest_object,Perception,0.0,0.006446928357683505,1196
qwen2vl,Qwen2-VL,with_physics,zero_shot,apparent_contradiction,Causal,0.0,0.04759249424676935,1076
qwen2vl,Qwen2-VL,with_physics,zero_shot,friction_coefficient_comparison,Dynamics,0.0,0.0,682
qwen2vl,Qwen2-VL,with_physics,zero_shot,momentum_conservation,Dynamics,0.0,0.0,819
qwen2vl,Qwen2-VL,with_physics,zero_shot,energy_analysis_taxonomy,Dynamics,0.0,0.0,341
qwen2vl,Qwen2-VL,with_physics,zero_shot,indirect_causation,Causal,0.0,0.0,67
qwen2vl,Qwen2-VL,with_physics,zero_shot,four_hop_causation,Causal,0.0,0.0,56
qwen2vl,Qwen2-VL,with_physics,zero_shot,relative_velocity_magnitude,Dynamics,0.03333333333333333,0.21,150
qwen2vl,Qwen2-VL,with_physics,zero_shot,event_sequence,Temporal,0.0,0.0014792899408284025,52
qwen2vl,Qwen2-VL,with_physics,zero_shot,temporal_consistency,Temporal,0.0,0.0038684719535783374,188
qwen2vl,Qwen2-VL,with_physics,zero_shot,direction_reversal,Temporal,0.453781512605042,0.453781512605042,238
qwen2vl,Qwen2-VL,with_physics,zero_shot,property_competition,Dynamics,0.0,0.0,36
qwen2vl,Qwen2-VL,with_physics,zero_shot,mass_ratio,Dynamics,0.14622641509433962,0.14622641509433962,212
qwen2vl,Qwen2-VL,with_physics,zero_shot,relative_velocity_decision,Dynamics,0.0,0.009014084507042254,71
qwen2vl,Qwen2-VL,with_physics,easy,stationary_duration,Temporal,0.9166034874905231,0.9166034874905231,1319
qwen2vl,Qwen2-VL,with_physics,easy,stopped_objects_count,Perception,0.43059061080262495,0.42857142857142855,1981
qwen2vl,Qwen2-VL,with_physics,easy,stationary_start_time,Temporal,0.40648567119155354,0.40648567119155354,1326
qwen2vl,Qwen2-VL,with_physics,easy,collision_presence,Perception,0.7199191102123357,0.7199191102123357,1978
qwen2vl,Qwen2-VL,with_physics,easy,object_count,Perception,0.3207261724659607,0.3086232980332829,1983
qwen2vl,Qwen2-VL,with_physics,easy,friction_comparison,Dynamics,0.3697996918335901,0.49416195856873824,1947
qwen2vl,Qwen2-VL,with_physics,easy,rolling_detection,Perception,0.596766043456291,0.5866599292572006,1979
qwen2vl,Qwen2-VL,with_physics,easy,shape_distribution,Perception,0.014760147601476014,0.019202249165348795,1355
qwen2vl,Qwen2-VL,with_physics,easy,newtons_second_law,Dynamics,0.0,0.3516215557181175,1367
qwen2vl,Qwen2-VL,with_physics,easy,velocity_scaling,Dynamics,0.0,0.5122504537205081,1102
qwen2vl,Qwen2-VL,with_physics,easy,friction_scaling,Dynamics,0.40484739676840215,0.5871049556866432,1114
qwen2vl,Qwen2-VL,with_physics,easy,fastest_object,Perception,0.18394648829431437,0.5765571781919208,1196
qwen2vl,Qwen2-VL,with_physics,easy,apparent_contradiction,Causal,0.026022304832713755,0.12487736587342974,1076
qwen2vl,Qwen2-VL,with_physics,easy,friction_coefficient_comparison,Dynamics,0.054252199413489736,0.5741831314756966,682
qwen2vl,Qwen2-VL,with_physics,easy,momentum_conservation,Dynamics,0.8998778998778999,0.7466422466422467,819
qwen2vl,Qwen2-VL,with_physics,easy,energy_analysis_taxonomy,Dynamics,0.24633431085043989,0.7101790682435845,341
qwen2vl,Qwen2-VL,with_physics,easy,indirect_causation,Causal,0.0,0.0,67
qwen2vl,Qwen2-VL,with_physics,easy,four_hop_causation,Causal,0.0,0.0,56
qwen2vl,Qwen2-VL,with_physics,easy,relative_velocity_magnitude,Dynamics,0.14,0.38733333333333336,150
qwen2vl,Qwen2-VL,with_physics,easy,event_sequence,Temporal,0.019230769230769232,0.5210147295037727,52
qwen2vl,Qwen2-VL,with_physics,easy,temporal_consistency,Temporal,0.4148936170212766,0.6264320785597381,188
qwen2vl,Qwen2-VL,with_physics,easy,direction_reversal,Temporal,0.9033613445378151,0.9033613445378151,238
qwen2vl,Qwen2-VL,with_physics,easy,property_competition,Dynamics,0.5555555555555556,0.7447130303477052,36
qwen2vl,Qwen2-VL,with_physics,easy,mass_ratio,Dynamics,0.4716981132075472,0.4716981132075472,212
qwen2vl,Qwen2-VL,with_physics,easy,relative_velocity_decision,Dynamics,0.39436619718309857,0.8061538461538461,71
qwen2vl,Qwen2-VL,with_physics,easy_medium,stationary_duration,Temporal,0.9173616376042456,0.9173616376042456,1319
qwen2vl,Qwen2-VL,with_physics,easy_medium,stopped_objects_count,Perception,0.4083796062594649,0.4083796062594649,1981
qwen2vl,Qwen2-VL,with_physics,easy_medium,stationary_start_time,Temporal,0.4230769230769231,0.4230769230769231,1326
qwen2vl,Qwen2-VL,with_physics,easy_medium,collision_presence,Perception,0.717391304347826,0.717391304347826,1978
qwen2vl,Qwen2-VL,with_physics,easy_medium,object_count,Perception,0.09178013111447302,0.0907715582450832,1983
qwen2vl,Qwen2-VL,with_physics,easy_medium,friction_comparison,Dynamics,0.3430919363122753,0.4572847115219997,1947
qwen2vl,Qwen2-VL,with_physics,easy_medium,rolling_detection,Perception,0.5356240525517938,0.5356240525517938,1979
qwen2vl,Qwen2-VL,with_physics,easy_medium,shape_distribution,Perception,0.42066420664206644,0.7829453162663494,1355
qwen2vl,Qwen2-VL,with_physics,easy_medium,newtons_second_law,Dynamics,0.9934162399414777,0.9934162399414777,1367
qwen2vl,Qwen2-VL,with_physics,easy_medium,velocity_scaling,Dynamics,1.0,1.0,1102
qwen2vl,Qwen2-VL,with_physics,easy_medium,friction_scaling,Dynamics,1.0,1.0,1114
qwen2vl,Qwen2-VL,with_physics,easy_medium,fastest_object,Perception,0.7198996655518395,0.8593274012367068,1196
qwen2vl,Qwen2-VL,with_physics,easy_medium,apparent_contradiction,Causal,0.9944237918215614,0.991005045140733,1076
qwen2vl,Qwen2-VL,with_physics,easy_medium,friction_coefficient_comparison,Dynamics,0.9398826979472141,0.9815375025181822,682
qwen2vl,Qwen2-VL,with_physics,easy_medium,momentum_conservation,Dynamics,0.9584859584859585,0.8644688644688645,819
qwen2vl,Qwen2-VL,with_physics,easy_medium,energy_analysis_taxonomy,Dynamics,0.9589442815249267,0.9477333028652677,341
qwen2vl,Qwen2-VL,with_physics,easy_medium,indirect_causation,Causal,1.0,1.0,67
qwen2vl,Qwen2-VL,with_physics,easy_medium,four_hop_causation,Causal,0.6071428571428571,0.6484962406015038,56
qwen2vl,Qwen2-VL,with_physics,easy_medium,relative_velocity_magnitude,Dynamics,0.4866666666666667,0.7433333333333333,150
qwen2vl,Qwen2-VL,with_physics,easy_medium,event_sequence,Temporal,0.17307692307692307,0.8715134729652582,52
qwen2vl,Qwen2-VL,with_physics,easy_medium,temporal_consistency,Temporal,1.0,0.9979541734860884,188
qwen2vl,Qwen2-VL,with_physics,easy_medium,direction_reversal,Temporal,0.9033613445378151,0.9033613445378151,238
qwen2vl,Qwen2-VL,with_physics,easy_medium,property_competition,Dynamics,0.6666666666666666,0.7842857142857143,36
qwen2vl,Qwen2-VL,with_physics,easy_medium,mass_ratio,Dynamics,0.7358490566037735,0.7358490566037735,212
qwen2vl,Qwen2-VL,with_physics,easy_medium,relative_velocity_decision,Dynamics,0.5070422535211268,0.8292957746478874,71
qwen2vl,Qwen2-VL,with_physics,hard,stationary_duration,Temporal,0.9567854435178166,0.9567854435178166,1319
qwen2vl,Qwen2-VL,with_physics,hard,stopped_objects_count,Perception,0.4563351842503786,0.4563351842503786,1981
qwen2vl,Qwen2-VL,with_physics,hard,stationary_start_time,Temporal,0.49321266968325794,0.49321266968325794,1326
qwen2vl,Qwen2-VL,with_physics,hard,collision_presence,Perception,0.6931243680485338,0.6931243680485338,1978
qwen2vl,Qwen2-VL,with_physics,hard,object_count,Perception,0.11649016641452345,0.11497730711043873,1983
qwen2vl,Qwen2-VL,with_physics,hard,friction_comparison,Dynamics,0.3667180277349769,0.48416367060434856,1947
qwen2vl,Qwen2-VL,with_physics,hard,rolling_detection,Perception,0.6099039919151087,0.6099039919151087,1979
qwen2vl,Qwen2-VL,with_physics,hard,shape_distribution,Perception,0.14833948339483394,0.2162898683931894,1355
qwen2vl,Qwen2-VL,with_physics,hard,newtons_second_law,Dynamics,0.0,0.5,1367
qwen2vl,Qwen2-VL,with_physics,hard,velocity_scaling,Dynamics,0.1206896551724138,0.5892014519056261,1102
qwen2vl,Qwen2-VL,with_physics,hard,friction_scaling,Dynamics,0.22351885098743268,0.5658016430009248,1114
qwen2vl,Qwen2-VL,with_physics,hard,fastest_object,Perception,0.3737458193979933,0.691943600260539,1196
qwen2vl,Qwen2-VL,with_physics,hard,apparent_contradiction,Causal,0.7611524163568774,0.7859698619224641,1076
qwen2vl,Qwen2-VL,with_physics,hard,friction_coefficient_comparison,Dynamics,0.2434017595307918,0.4195665771178968,682
qwen2vl,Qwen2-VL,with_physics,hard,momentum_conservation,Dynamics,0.989010989010989,0.9230769230769231,819
qwen2vl,Qwen2-VL,with_physics,hard,energy_analysis_taxonomy,Dynamics,0.9501466275659824,0.9442815249266863,341
qwen2vl,Qwen2-VL,with_physics,hard,indirect_causation,Causal,0.0,0.019900497512437807,67
qwen2vl,Qwen2-VL,with_physics,hard,four_hop_causation,Causal,0.9107142857142857,0.9107142857142857,56
qwen2vl,Qwen2-VL,with_physics,hard,relative_velocity_magnitude,Dynamics,0.4533333333333333,0.712,150
qwen2vl,Qwen2-VL,with_physics,hard,event_sequence,Temporal,0.09615384615384616,0.6210674202139693,52
qwen2vl,Qwen2-VL,with_physics,hard,temporal_consistency,Temporal,0.8457446808510638,0.9039949412289838,188
qwen2vl,Qwen2-VL,with_physics,hard,direction_reversal,Temporal,0.5630252100840336,0.5630252100840336,238
qwen2vl,Qwen2-VL,with_physics,hard,property_competition,Dynamics,0.7777777777777778,0.8881581828133552,36
qwen2vl,Qwen2-VL,with_physics,hard,mass_ratio,Dynamics,0.5471698113207547,0.5471698113207547,212
qwen2vl,Qwen2-VL,with_physics,hard,relative_velocity_decision,Dynamics,0.4647887323943662,0.8073239436619718,71
qwen2vl,Qwen2-VL,with_physics,full,stationary_duration,Temporal,0.8369977255496588,0.8369977255496588,1319
qwen2vl,Qwen2-VL,with_physics,full,stopped_objects_count,Perception,0.09843513377082282,0.09459868753154972,1981
qwen2vl,Qwen2-VL,with_physics,full,stationary_start_time,Temporal,0.4079939668174962,0.4079939668174962,1326
qwen2vl,Qwen2-VL,with_physics,full,collision_presence,Perception,0.7285136501516684,0.7285136501516684,1978
qwen2vl,Qwen2-VL,with_physics,full,object_count,Perception,0.017650025214321734,0.01361573373676248,1983
qwen2vl,Qwen2-VL,with_physics,full,friction_comparison,Dynamics,0.3800719054956343,0.49597671631569934,1947
qwen2vl,Qwen2-VL,with_physics,full,rolling_detection,Perception,0.5123799898938858,0.5063163213744315,1979
qwen2vl,Qwen2-VL,with_physics,full,shape_distribution,Perception,0.33136531365313654,0.7761680165705228,1355
qwen2vl,Qwen2-VL,with_physics,full,newtons_second_law,Dynamics,0.9948792977322605,0.9948792977322605,1367
qwen2vl,Qwen2-VL,with_physics,full,velocity_scaling,Dynamics,0.9909255898366606,0.9969751966122202,1102
qwen2vl,Qwen2-VL,with_physics,full,friction_scaling,Dynamics,1.0,1.0,1114
qwen2vl,Qwen2-VL,with_physics,full,fastest_object,Perception,0.7006688963210702,0.8352186476606205,1196
qwen2vl,Qwen2-VL,with_physics,full,apparent_contradiction,Causal,0.9990706319702602,0.9906620640821384,1076
qwen2vl,Qwen2-VL,with_physics,full,friction_coefficient_comparison,Dynamics,0.9002932551319648,0.9566199917258829,682
qwen2vl,Qwen2-VL,with_physics,full,momentum_conservation,Dynamics,0.9352869352869353,0.8186813186813187,819
qwen2vl,Qwen2-VL,with_physics,full,energy_analysis_taxonomy,Dynamics,0.9794721407624634,0.9328864683703395,341
qwen2vl,Qwen2-VL,with_physics,full,indirect_causation,Causal,1.0,1.0,67
qwen2vl,Qwen2-VL,with_physics,full,four_hop_causation,Causal,0.6785714285714286,0.7252321981424148,56
qwen2vl,Qwen2-VL,with_physics,full,relative_velocity_magnitude,Dynamics,0.11333333333333333,0.32666666666666666,150
qwen2vl,Qwen2-VL,with_physics,full,event_sequence,Temporal,0.17307692307692307,0.8719838118425915,52
qwen2vl,Qwen2-VL,with_physics,full,temporal_consistency,Temporal,0.9893617021276596,0.9935394952192265,188
qwen2vl,Qwen2-VL,with_physics,full,direction_reversal,Temporal,0.9033613445378151,0.9033613445378151,238
qwen2vl,Qwen2-VL,with_physics,full,property_competition,Dynamics,0.7777777777777778,0.8675132275132275,36
qwen2vl,Qwen2-VL,with_physics,full,mass_ratio,Dynamics,0.8537735849056604,0.8537735849056604,212
qwen2vl,Qwen2-VL,with_physics,full,relative_velocity_decision,Dynamics,0.49295774647887325,0.8256338028169014,71
internvl3,InternVL3,no_physics,zero_shot,stationary_duration,Temporal,0.002274450341167551,0.002274450341167551,1319
internvl3,InternVL3,no_physics,zero_shot,stopped_objects_count,Perception,0.0,0.0,1981
internvl3,InternVL3,no_physics,zero_shot,stationary_start_time,Temporal,0.03619909502262444,0.03619909502262444,1326
internvl3,InternVL3,no_physics,zero_shot,collision_presence,Perception,0.7386248736097067,0.6664981462756994,1978
internvl3,InternVL3,no_physics,zero_shot,object_count,Perception,0.0,0.0,1983
internvl3,InternVL3,no_physics,zero_shot,friction_comparison,Dynamics,0.0,0.0,1947
internvl3,InternVL3,no_physics,zero_shot,rolling_detection,Perception,0.0,0.0,1979
internvl3,InternVL3,no_physics,zero_shot,shape_distribution,Perception,0.22361623616236162,0.23585661570901423,1355
internvl3,InternVL3,no_physics,zero_shot,newtons_second_law,Dynamics,0.010241404535479151,0.006949524506217996,1367
internvl3,InternVL3,no_physics,zero_shot,velocity_scaling,Dynamics,0.4945553539019964,0.5206896551724137,1102
internvl3,InternVL3,no_physics,zero_shot,friction_scaling,Dynamics,0.004488330341113106,0.017055655296229804,1114
internvl3,InternVL3,no_physics,zero_shot,fastest_object,Perception,0.0,0.0,1196
internvl3,InternVL3,no_physics,zero_shot,apparent_contradiction,Causal,0.6263940520446096,0.6347318109399893,1076
internvl3,InternVL3,no_physics,zero_shot,friction_coefficient_comparison,Dynamics,0.0,0.0,682
internvl3,InternVL3,no_physics,zero_shot,momentum_conservation,Dynamics,0.0,0.0,819
internvl3,InternVL3,no_physics,zero_shot,energy_analysis_taxonomy,Dynamics,0.0,0.0,341
internvl3,InternVL3,no_physics,zero_shot,indirect_causation,Causal,0.0,0.011194029850746268,67
internvl3,InternVL3,no_physics,zero_shot,four_hop_causation,Causal,0.03571428571428571,0.03571428571428571,56
internvl3,InternVL3,no_physics,zero_shot,relative_velocity_magnitude,Dynamics,0.0,0.009047619047619047,150
internvl3,InternVL3,no_physics,zero_shot,event_sequence,Temporal,0.0,0.0,52
internvl3,InternVL3,no_physics,zero_shot,temporal_consistency,Temporal,0.20212765957446807,0.20406189555125728,188
internvl3,InternVL3,no_physics,zero_shot,direction_reversal,Temporal,0.8571428571428571,0.8417366946778712,238
internvl3,InternVL3,no_physics,zero_shot,property_competition,Dynamics,0.0,0.0,36
internvl3,InternVL3,no_physics,zero_shot,mass_ratio,Dynamics,0.0,0.0,212
internvl3,InternVL3,no_physics,zero_shot,relative_velocity_decision,Dynamics,0.09859154929577464,0.18873239436619718,71
internvl3,InternVL3,no_physics,easy,stationary_duration,Temporal,0.9954510993176648,0.9954510993176648,1319
internvl3,InternVL3,no_physics,easy,stopped_objects_count,Perception,0.712266532054518,0.712266532054518,1981
internvl3,InternVL3,no_physics,easy,stationary_start_time,Temporal,0.9992458521870287,0.9992458521870287,1326
internvl3,InternVL3,no_physics,easy,collision_presence,Perception,0.7730030333670375,0.7730030333670375,1978
internvl3,InternVL3,no_physics,easy,object_count,Perception,0.6036308623298033,0.6036308623298033,1983
internvl3,InternVL3,no_physics,easy,friction_comparison,Dynamics,0.38212634822804314,0.50231124807396,1947
internvl3,InternVL3,no_physics,easy,rolling_detection,Perception,0.7847397675593735,0.7845713323227219,1979
internvl3,InternVL3,no_physics,easy,shape_distribution,Perception,0.5350553505535055,0.5518819188191881,1355
internvl3,InternVL3,no_physics,easy,newtons_second_law,Dynamics,1.0,1.0,1367
internvl3,InternVL3,no_physics,easy,velocity_scaling,Dynamics,0.0,0.5951905626134301,1102
internvl3,InternVL3,no_physics,easy,friction_scaling,Dynamics,0.026929982046678635,0.48812632609760076,1114
internvl3,InternVL3,no_physics,easy,fastest_object,Perception,0.5275919732441472,0.7493294957550811,1196
internvl3,InternVL3,no_physics,easy,apparent_contradiction,Causal,0.0055762081784386614,0.11524163568773234,1076
internvl3,InternVL3,no_physics,easy,friction_coefficient_comparison,Dynamics,0.5058651026392962,0.885117302052786,682
internvl3,InternVL3,no_physics,easy,momentum_conservation,Dynamics,0.9877899877899878,0.996947496947497,819
internvl3,InternVL3,no_physics,easy,energy_analysis_taxonomy,Dynamics,0.8797653958944281,0.9024971118812761,341
internvl3,InternVL3,no_physics,easy,indirect_causation,Causal,0.0,0.0,67
internvl3,InternVL3,no_physics,easy,four_hop_causation,Causal,0.10714285714285714,0.12276785714285714,56
internvl3,InternVL3,no_physics,easy,relative_velocity_magnitude,Dynamics,0.86,0.93,150
internvl3,InternVL3,no_physics,easy,event_sequence,Temporal,0.4423076923076923,0.9754232609495767,52
internvl3,InternVL3,no_physics,easy,temporal_consistency,Temporal,0.015957446808510637,0.3737911025145068,188
internvl3,InternVL3,no_physics,easy,direction_reversal,Temporal,0.9033613445378151,0.9033613445378151,238
internvl3,InternVL3,no_physics,easy,property_competition,Dynamics,0.8611111111111112,0.8877777777777778,36
internvl3,InternVL3,no_physics,easy,mass_ratio,Dynamics,0.7075471698113207,0.7075471698113207,212
internvl3,InternVL3,no_physics,easy,relative_velocity_decision,Dynamics,0.4647887323943662,0.8073239436619718,71
internvl3,InternVL3,no_physics,easy_medium,stationary_duration,Temporal,0.9969673995451099,0.9969673995451099,1319
internvl3,InternVL3,no_physics,easy_medium,stopped_objects_count,Perception,0.7546693589096416,0.7546693589096416,1981
internvl3,InternVL3,no_physics,easy_medium,stationary_start_time,Temporal,0.9864253393665159,0.9864253393665159,1326
internvl3,InternVL3,no_physics,easy_medium,collision_presence,Perception,0.7259858442871587,0.7259858442871587,1978
internvl3,InternVL3,no_physics,easy_medium,object_count,Perception,0.6343923348461926,0.6343923348461926,1983
internvl3,InternVL3,no_physics,easy_medium,friction_comparison,Dynamics,0.39907550077041604,0.519774011299435,1947
internvl3,InternVL3,no_physics,easy_medium,rolling_detection,Perception,0.7463365336028297,0.7463365336028297,1979
internvl3,InternVL3,no_physics,easy_medium,shape_distribution,Perception,1.0,1.0,1355
internvl3,InternVL3,no_physics,easy_medium,newtons_second_law,Dynamics,1.0,1.0,1367
internvl3,InternVL3,no_physics,easy_medium,velocity_scaling,Dynamics,1.0,1.0,1102
internvl3,InternVL3,no_physics,easy_medium,friction_scaling,Dynamics,1.0,1.0,1114
internvl3,InternVL3,no_physics,easy_medium,fastest_object,Perception,0.9882943143812709,0.9956521739130434,1196
internvl3,InternVL3,no_physics,easy_medium,apparent_contradiction,Causal,1.0,1.0,1076
internvl3,InternVL3,no_physics,easy_medium,friction_coefficient_comparison,Dynamics,0.998533724340176,0.9997067448680351,682
internvl3,InternVL3,no_physics,easy_medium,momentum_conservation,Dynamics,0.989010989010989,0.9972527472527473,819
internvl3,InternVL3,no_physics,easy_medium,energy_analysis_taxonomy,Dynamics,1.0,1.0,341
internvl3,InternVL3,no_physics,easy_medium,indirect_causation,Causal,1.0,1.0,67
internvl3,InternVL3,no_physics,easy_medium,four_hop_causation,Causal,1.0,1.0,56
internvl3,InternVL3,no_physics,easy_medium,relative_velocity_magnitude,Dynamics,1.0,1.0,150
internvl3,InternVL3,no_physics,easy_medium,event_sequence,Temporal,0.4423076923076923,0.9813432400932401,52
internvl3,InternVL3,no_physics,easy_medium,temporal_consistency,Temporal,1.0,1.0,188
internvl3,InternVL3,no_physics,easy_medium,direction_reversal,Temporal,0.9033613445378151,0.9033613445378151,238
internvl3,InternVL3,no_physics,easy_medium,property_competition,Dynamics,1.0,1.0,36
internvl3,InternVL3,no_physics,easy_medium,mass_ratio,Dynamics,1.0,1.0,212
internvl3,InternVL3,no_physics,easy_medium,relative_velocity_decision,Dynamics,0.4647887323943662,0.8073239436619718,71
internvl3,InternVL3,no_physics,hard,stationary_duration,Temporal,0.9984836997725549,0.9984836997725549,1319
internvl3,InternVL3,no_physics,hard,stopped_objects_count,Perception,0.790509843513377,0.790509843513377,1981
internvl3,InternVL3,no_physics,hard,stationary_start_time,Temporal,1.0,1.0,1326
internvl3,InternVL3,no_physics,hard,collision_presence,Perception,0.7805864509605662,0.7805864509605662,1978
internvl3,InternVL3,no_physics,hard,object_count,Perception,0.6530509329299042,0.6530509329299042,1983
internvl3,InternVL3,no_physics,hard,friction_comparison,Dynamics,0.4042116076014381,0.5174627632254751,1947
internvl3,InternVL3,no_physics,hard,rolling_detection,Perception,0.8044466902475998,0.8044466902475998,1979
internvl3,InternVL3,no_physics,hard,shape_distribution,Perception,0.9712177121771217,0.9726691266912669,1355
internvl3,InternVL3,no_physics,hard,newtons_second_law,Dynamics,1.0,1.0,1367
internvl3,InternVL3,no_physics,hard,velocity_scaling,Dynamics,1.0,1.0,1102
internvl3,InternVL3,no_physics,hard,friction_scaling,Dynamics,1.0,1.0,1114
internvl3,InternVL3,no_physics,hard,fastest_object,Perception,0.5735785953177257,0.7804733727810651,1196
internvl3,InternVL3,no_physics,hard,apparent_contradiction,Causal,1.0,1.0,1076
internvl3,InternVL3,no_physics,hard,friction_coefficient_comparison,Dynamics,0.7668621700879765,0.9363438980374464,682
internvl3,InternVL3,no_physics,hard,momentum_conservation,Dynamics,0.989010989010989,0.9972527472527473,819
internvl3,InternVL3,no_physics,hard,energy_analysis_taxonomy,Dynamics,1.0,1.0,341
internvl3,InternVL3,no_physics,hard,indirect_causation,Causal,0.0,0.0,67
internvl3,InternVL3,no_physics,hard,four_hop_causation,Causal,1.0,1.0,56
internvl3,InternVL3,no_physics,hard,relative_velocity_magnitude,Dynamics,0.98,0.99,150
internvl3,InternVL3,no_physics,hard,event_sequence,Temporal,0.4230769230769231,0.979429671205987,52
internvl3,InternVL3,no_physics,hard,temporal_consistency,Temporal,1.0,1.0,188
internvl3,InternVL3,no_physics,hard,direction_reversal,Temporal,0.9033613445378151,0.9033613445378151,238
internvl3,InternVL3,no_physics,hard,property_competition,Dynamics,0.9722222222222222,0.9811111111111112,36
internvl3,InternVL3,no_physics,hard,mass_ratio,Dynamics,0.9811320754716981,0.9811320754716981,212
internvl3,InternVL3,no_physics,hard,relative_velocity_decision,Dynamics,0.4225352112676056,0.7921126760563381,71
internvl3,InternVL3,no_physics,full,stationary_duration,Temporal,0.9939347990902199,0.9939347990902199,1319
internvl3,InternVL3,no_physics,full,stopped_objects_count,Perception,0.6466431095406361,0.6466431095406361,1981
internvl3,InternVL3,no_physics,full,stationary_start_time,Temporal,0.969079939668175,0.969079939668175,1326
internvl3,InternVL3,no_physics,full,collision_presence,Perception,0.7522750252780587,0.7512639029322548,1978
internvl3,InternVL3,no_physics,full,object_count,Perception,0.59505799293999,0.59505799293999,1983
internvl3,InternVL3,no_physics,full,friction_comparison,Dynamics,0.3728813559322034,0.49768875192604006,1947
internvl3,InternVL3,no_physics,full,rolling_detection,Perception,0.6806467913087418,0.6806467913087418,1979
internvl3,InternVL3,no_physics,full,shape_distribution,Perception,1.0,1.0,1355
internvl3,InternVL3,no_physics,full,newtons_second_law,Dynamics,1.0,1.0,1367
internvl3,InternVL3,no_physics,full,velocity_scaling,Dynamics,1.0,1.0,1102
internvl3,InternVL3,no_physics,full,friction_scaling,Dynamics,1.0,1.0,1114
internvl3,InternVL3,no_physics,full,fastest_object,Perception,0.9882943143812709,0.9958751393534002,1196
internvl3,InternVL3,no_physics,full,apparent_contradiction,Causal,1.0,1.0,1076
internvl3,InternVL3,no_physics,full,friction_coefficient_comparison,Dynamics,1.0,1.0,682
internvl3,InternVL3,no_physics,full,momentum_conservation,Dynamics,0.9877899877899878,0.996947496947497,819
internvl3,InternVL3,no_physics,full,energy_analysis_taxonomy,Dynamics,1.0,1.0,341
internvl3,InternVL3,no_physics,full,indirect_causation,Causal,1.0,1.0,67
internvl3,InternVL3,no_physics,full,four_hop_causation,Causal,1.0,1.0,56
internvl3,InternVL3,no_physics,full,relative_velocity_magnitude,Dynamics,0.98,0.99,150
internvl3,InternVL3,no_physics,full,event_sequence,Temporal,0.46153846153846156,0.9811334498834499,52
internvl3,InternVL3,no_physics,full,temporal_consistency,Temporal,1.0,1.0,188
internvl3,InternVL3,no_physics,full,direction_reversal,Temporal,0.9033613445378151,0.9033613445378151,238
internvl3,InternVL3,no_physics,full,property_competition,Dynamics,1.0,1.0,36
internvl3,InternVL3,no_physics,full,mass_ratio,Dynamics,0.9716981132075472,0.9716981132075472,212
internvl3,InternVL3,no_physics,full,relative_velocity_decision,Dynamics,0.5352112676056338,0.8326760563380281,71
internvl3,InternVL3,with_physics,zero_shot,stationary_duration,Temporal,0.003032600454890068,0.003032600454890068,1319
internvl3,InternVL3,with_physics,zero_shot,stopped_objects_count,Perception,0.0,0.0,1981
internvl3,InternVL3,with_physics,zero_shot,stationary_start_time,Temporal,0.1493212669683258,0.1493212669683258,1326
internvl3,InternVL3,with_physics,zero_shot,collision_presence,Perception,0.7492416582406471,0.745871250421301,1978
internvl3,InternVL3,with_physics,zero_shot,object_count,Perception,0.0010085728693898135,0.0010085728693898135,1983
internvl3,InternVL3,with_physics,zero_shot,friction_comparison,Dynamics,0.0,6.848142441362781e-05,1947
internvl3,InternVL3,with_physics,zero_shot,rolling_detection,Perception,0.0,0.0,1979
internvl3,InternVL3,with_physics,zero_shot,shape_distribution,Perception,0.4981549815498155,0.5337989808469513,1355
internvl3,InternVL3,with_physics,zero_shot,newtons_second_law,Dynamics,0.0,0.0,1367
internvl3,InternVL3,with_physics,zero_shot,velocity_scaling,Dynamics,0.03539019963702359,0.03756805807622504,1102
internvl3,InternVL3,with_physics,zero_shot,friction_scaling,Dynamics,0.0,0.0004488330341113106,1114
internvl3,InternVL3,with_physics,zero_shot,fastest_object,Perception,0.0008361204013377926,0.0019697067146899924,1196
internvl3,InternVL3,with_physics,zero_shot,apparent_contradiction,Causal,0.26394052044609667,0.2910161090458488,1076
internvl3,InternVL3,with_physics,zero_shot,friction_coefficient_comparison,Dynamics,0.02785923753665689,0.07122865275142316,682
internvl3,InternVL3,with_physics,zero_shot,momentum_conservation,Dynamics,0.0,0.0,819
internvl3,InternVL3,with_physics,zero_shot,energy_analysis_taxonomy,Dynamics,0.002932551319648094,0.002932551319648094,341
internvl3,InternVL3,with_physics,zero_shot,indirect_causation,Causal,0.0,0.0,67
internvl3,InternVL3,with_physics,zero_shot,four_hop_causation,Causal,0.0,0.0,56
internvl3,InternVL3,with_physics,zero_shot,relative_velocity_magnitude,Dynamics,0.06,0.26666666666666666,150
internvl3,InternVL3,with_physics,zero_shot,event_sequence,Temporal,0.0,0.0,52
internvl3,InternVL3,with_physics,zero_shot,temporal_consistency,Temporal,0.0,0.0,188
internvl3,InternVL3,with_physics,zero_shot,direction_reversal,Temporal,0.8697478991596639,0.8683473389355741,238
internvl3,InternVL3,with_physics,zero_shot,property_competition,Dynamics,0.0,0.0,36
internvl3,InternVL3,with_physics,zero_shot,mass_ratio,Dynamics,0.2169811320754717,0.2169811320754717,212
internvl3,InternVL3,with_physics,zero_shot,relative_velocity_decision,Dynamics,0.0,0.0,71
internvl3,InternVL3,with_physics,easy,stationary_duration,Temporal,0.9924184988627748,0.9924184988627748,1319
internvl3,InternVL3,with_physics,easy,stopped_objects_count,Perception,0.5749621403331651,0.5749621403331651,1981
internvl3,InternVL3,with_physics,easy,stationary_start_time,Temporal,0.9932126696832579,0.9932126696832579,1326
internvl3,InternVL3,with_physics,easy,collision_presence,Perception,0.7406471183013145,0.7406471183013145,1978
internvl3,InternVL3,with_physics,easy,object_count,Perception,0.972768532526475,0.972768532526475,1983
internvl3,InternVL3,with_physics,easy,friction_comparison,Dynamics,0.8556753980482794,0.8834103749357987,1947
internvl3,InternVL3,with_physics,easy,rolling_detection,Perception,0.7973724103082365,0.7968671045982819,1979
internvl3,InternVL3,with_physics,easy,shape_distribution,Perception,0.4199261992619926,0.4280688806888069,1355
internvl3,InternVL3,with_physics,easy,newtons_second_law,Dynamics,0.514996342355523,0.7574981711777615,1367
internvl3,InternVL3,with_physics,easy,velocity_scaling,Dynamics,0.0,0.6346642468239564,1102
internvl3,InternVL3,with_physics,easy,friction_scaling,Dynamics,0.005385996409335727,0.5026929982046678,1114
internvl3,InternVL3,with_physics,easy,fastest_object,Perception,0.5392976588628763,0.7519713146385387,1196
internvl3,InternVL3,with_physics,easy,apparent_contradiction,Causal,0.0,0.11334749513188175,1076
internvl3,InternVL3,with_physics,easy,friction_coefficient_comparison,Dynamics,0.8328445747800587,0.9588881426491398,682
internvl3,InternVL3,with_physics,easy,momentum_conservation,Dynamics,0.9865689865689866,0.9966422466422467,819
internvl3,InternVL3,with_physics,easy,energy_analysis_taxonomy,Dynamics,0.8621700879765396,0.9561689532364019,341
internvl3,InternVL3,with_physics,easy,indirect_causation,Causal,0.0,0.0,67
internvl3,InternVL3,with_physics,easy,four_hop_causation,Causal,0.0,0.078125,56
internvl3,InternVL3,with_physics,easy,relative_velocity_magnitude,Dynamics,0.7866666666666666,0.8933333333333333,150
internvl3,InternVL3,with_physics,easy,event_sequence,Temporal,0.4423076923076923,0.9714168506931665,52
internvl3,InternVL3,with_physics,easy,temporal_consistency,Temporal,0.005319148936170213,0.36702127659574474,188
internvl3,InternVL3,with_physics,easy,direction_reversal,Temporal,0.9033613445378151,0.9033613445378151,238
internvl3,InternVL3,with_physics,easy,property_competition,Dynamics,0.9444444444444444,0.9576068376068376,36
internvl3,InternVL3,with_physics,easy,mass_ratio,Dynamics,0.6933962264150944,0.6933962264150944,212
internvl3,InternVL3,with_physics,easy,relative_velocity_decision,Dynamics,0.4647887323943662,0.8073239436619718,71
internvl3,InternVL3,with_physics,easy_medium,stationary_duration,Temporal,0.9962092494313874,0.9962092494313874,1319
internvl3,InternVL3,with_physics,easy_medium,stopped_objects_count,Perception,0.6481574962140333,0.6417634191485782,1981
internvl3,InternVL3,with_physics,easy_medium,stationary_start_time,Temporal,0.9969834087481146,0.9969834087481146,1326
internvl3,InternVL3,with_physics,easy_medium,collision_presence,Perception,0.7512639029322548,0.7512639029322548,1978
internvl3,InternVL3,with_physics,easy_medium,object_count,Perception,0.9097327281896117,0.9097327281896117,1983
internvl3,InternVL3,with_physics,easy_medium,friction_comparison,Dynamics,0.9024139702105803,0.919020715630885,1947
internvl3,InternVL3,with_physics,easy_medium,rolling_detection,Perception,0.8383021728145528,0.8383021728145528,1979
internvl3,InternVL3,with_physics,easy_medium,shape_distribution,Perception,1.0,1.0,1355
internvl3,InternVL3,with_physics,easy_medium,newtons_second_law,Dynamics,1.0,1.0,1367
internvl3,InternVL3,with_physics,easy_medium,velocity_scaling,Dynamics,1.0,1.0,1102
internvl3,InternVL3,with_physics,easy_medium,friction_scaling,Dynamics,1.0,1.0,1114
internvl3,InternVL3,with_physics,easy_medium,fastest_object,Perception,0.9891304347826086,0.9964882943143812,1196
internvl3,InternVL3,with_physics,easy_medium,apparent_contradiction,Causal,1.0,1.0,1076
internvl3,InternVL3,with_physics,easy_medium,friction_coefficient_comparison,Dynamics,0.9970674486803519,0.9994134897360704,682
internvl3,InternVL3,with_physics,easy_medium,momentum_conservation,Dynamics,0.989010989010989,0.9972527472527473,819
internvl3,InternVL3,with_physics,easy_medium,energy_analysis_taxonomy,Dynamics,1.0,1.0,341
internvl3,InternVL3,with_physics,easy_medium,indirect_causation,Causal,1.0,1.0,67
internvl3,InternVL3,with_physics,easy_medium,four_hop_causation,Causal,1.0,1.0,56
internvl3,InternVL3,with_physics,easy_medium,relative_velocity_magnitude,Dynamics,0.92,0.96,150
internvl3,InternVL3,with_physics,easy_medium,event_sequence,Temporal,0.4423076923076923,0.9725736105999263,52
internvl3,InternVL3,with_physics,easy_medium,temporal_consistency,Temporal,1.0,1.0,188
internvl3,InternVL3,with_physics,easy_medium,direction_reversal,Temporal,0.9033613445378151,0.9033613445378151,238
internvl3,InternVL3,with_physics,easy_medium,property_competition,Dynamics,1.0,1.0,36
internvl3,InternVL3,with_physics,easy_medium,mass_ratio,Dynamics,0.910377358490566,0.910377358490566,212
internvl3,InternVL3,with_physics,easy_medium,relative_velocity_decision,Dynamics,0.5352112676056338,0.8326760563380281,71
internvl3,InternVL3,with_physics,hard,stationary_duration,Temporal,0.9969673995451099,0.9969673995451099,1319
internvl3,InternVL3,with_physics,hard,stopped_objects_count,Perception,0.6168601716304897,0.6168601716304897,1981
internvl3,InternVL3,with_physics,hard,stationary_start_time,Temporal,0.9555052790346908,0.9555052790346908,1326
internvl3,InternVL3,with_physics,hard,collision_presence,Perception,0.7411526794742164,0.7411526794742164,1978
internvl3,InternVL3,with_physics,hard,object_count,Perception,0.9601613716591024,0.9601613716591024,1983
internvl3,InternVL3,with_physics,hard,friction_comparison,Dynamics,0.8875192604006163,0.9080636877247047,1947
internvl3,InternVL3,with_physics,hard,rolling_detection,Perception,0.8216270843860536,0.8216270843860536,1979
internvl3,InternVL3,with_physics,hard,shape_distribution,Perception,0.9210332103321033,0.9524108241082411,1355
internvl3,InternVL3,with_physics,hard,newtons_second_law,Dynamics,1.0,1.0,1367
internvl3,InternVL3,with_physics,hard,velocity_scaling,Dynamics,1.0,1.0,1102
internvl3,InternVL3,with_physics,hard,friction_scaling,Dynamics,1.0,1.0,1114
internvl3,InternVL3,with_physics,hard,fastest_object,Perception,0.6295986622073578,0.8077582325701055,1196
internvl3,InternVL3,with_physics,hard,apparent_contradiction,Causal,1.0,1.0,1076
internvl3,InternVL3,with_physics,hard,friction_coefficient_comparison,Dynamics,0.7917888563049853,0.951158921723438,682
internvl3,InternVL3,with_physics,hard,momentum_conservation,Dynamics,0.967032967032967,0.9917582417582418,819
internvl3,InternVL3,with_physics,hard,energy_analysis_taxonomy,Dynamics,1.0,1.0,341
internvl3,InternVL3,with_physics,hard,indirect_causation,Causal,0.0,0.0,67
internvl3,InternVL3,with_physics,hard,four_hop_causation,Causal,1.0,1.0,56
internvl3,InternVL3,with_physics,hard,relative_velocity_magnitude,Dynamics,0.8333333333333334,0.9166666666666666,150
internvl3,InternVL3,with_physics,hard,event_sequence,Temporal,0.36538461538461536,0.9722181327444486,52
internvl3,InternVL3,with_physics,hard,temporal_consistency,Temporal,1.0,1.0,188
internvl3,InternVL3,with_physics,hard,direction_reversal,Temporal,0.8949579831932774,0.8949579831932774,238
internvl3,InternVL3,with_physics,hard,property_competition,Dynamics,0.9444444444444444,0.9622222222222222,36
internvl3,InternVL3,with_physics,hard,mass_ratio,Dynamics,0.7971698113207547,0.7971698113207547,212
internvl3,InternVL3,with_physics,hard,relative_velocity_decision,Dynamics,0.5633802816901409,0.8428169014084508,71
internvl3,InternVL3,with_physics,full,stationary_duration,Temporal,0.9097801364670205,0.9097801364670205,1319
internvl3,InternVL3,with_physics,full,stopped_objects_count,Perception,0.6183745583038869,0.6183745583038869,1981
internvl3,InternVL3,with_physics,full,stationary_start_time,Temporal,0.9947209653092006,0.9947209653092006,1326
internvl3,InternVL3,with_physics,full,collision_presence,Perception,0.750252780586451,0.7446775643186159,1978
internvl3,InternVL3,with_physics,full,object_count,Perception,0.9747856782652546,0.9747856782652546,1983
internvl3,InternVL3,with_physics,full,friction_comparison,Dynamics,0.8741653826399589,0.8921417565485362,1947
internvl3,InternVL3,with_physics,full,rolling_detection,Perception,0.7832238504295098,0.7832238504295098,1979
internvl3,InternVL3,with_physics,full,shape_distribution,Perception,0.9992619926199262,0.9992619926199262,1355
internvl3,InternVL3,with_physics,full,newtons_second_law,Dynamics,1.0,1.0,1367
internvl3,InternVL3,with_physics,full,velocity_scaling,Dynamics,1.0,1.0,1102
internvl3,InternVL3,with_physics,full,friction_scaling,Dynamics,1.0,1.0,1114
internvl3,InternVL3,with_physics,full,fastest_object,Perception,0.9874581939799331,0.99508969291578,1196
internvl3,InternVL3,with_physics,full,apparent_contradiction,Causal,1.0,1.0,1076
internvl3,InternVL3,with_physics,full,friction_coefficient_comparison,Dynamics,0.9970674486803519,0.9995234604105571,682
internvl3,InternVL3,with_physics,full,momentum_conservation,Dynamics,0.9877899877899878,0.996947496947497,819
internvl3,InternVL3,with_physics,full,energy_analysis_taxonomy,Dynamics,1.0,1.0,341
internvl3,InternVL3,with_physics,full,indirect_causation,Causal,1.0,1.0,67
internvl3,InternVL3,with_physics,full,four_hop_causation,Causal,1.0,1.0,56
internvl3,InternVL3,with_physics,full,relative_velocity_magnitude,Dynamics,0.8733333333333333,0.9366666666666666,150
internvl3,InternVL3,with_physics,full,event_sequence,Temporal,0.4807692307692308,0.9738556618819777,52
internvl3,InternVL3,with_physics,full,temporal_consistency,Temporal,1.0,1.0,188
internvl3,InternVL3,with_physics,full,direction_reversal,Temporal,0.9033613445378151,0.9033613445378151,238
internvl3,InternVL3,with_physics,full,property_competition,Dynamics,1.0,1.0,36
internvl3,InternVL3,with_physics,full,mass_ratio,Dynamics,0.8962264150943396,0.8962264150943396,212
internvl3,InternVL3,with_physics,full,relative_velocity_decision,Dynamics,0.5774647887323944,0.8478873239436621,71
